Category,Description,Price,Location,Time,Offer link,Phone
Locations de vacances,Appartement et chalet de lux,500 DH,Ifrane,03:04,https://www.avito.ma/fr/la_prairie/locations_de_vacances/Appartement_et_chalet_de_lux_37556106.htm,
Locations de vacances,studio de luxe,400 DH,Casablanca,03:04,https://www.avito.ma/fr/mers_sultan/locations_de_vacances/studio_de_luxe_44628361.htm,
Offres d'emploi,Consulente clienti di lingua italiana e francese,6 000 DH,Marrakech,03:04,https://www.avito.ma/fr/gueliz/offres_de_emploi/Consulente_clienti_di_lingua_italiana_e_francese_48085734.htm,
Offres d'emploi,Asesor de Clientes Español trabajando de forma rem,6 000 DH,Tanger,03:04,https://www.avito.ma/fr/centre_ville/offres_de_emploi/Asesor_de_Clientes_Español_trabajando_de_forma_rem_48085766.htm,
Locations de vacances,Studio de Luxe Gauthier,400 DH,Casablanca,03:03,https://www.avito.ma/fr/gauthier/locations_de_vacances/Studio_de_Luxe_Gauthier_38289288.htm,
Offres d'emploi,Conseiller clientèle Bilingues Français Anglais,6 000 DH,Casablanca,03:03,https://www.avito.ma/fr/centre_ville/offres_de_emploi/Conseiller_clientèle_Bilingues_Français_Anglais_48085739.htm,
Locations de vacances,Studio Haut Standing,400 DH,Casablanca,03:03,https://www.avito.ma/fr/mers_sultan/locations_de_vacances/Studio_Haut_Standing_38289355.htm,
Bureaux et plateaux,Bureaux et plateaux en Vente à Casablanca,550 000 DH,Casablanca,03:02,https://www.avito.ma/fr/oulfa/bureaux_et_plateaux/Bureaux_et_plateaux_en_Vente_à_Casablanca_42780933.htm,
Appartements,Appartement à Casablanca Oulfa,620 000 DH,Casablanca,03:02,https://www.avito.ma/fr/oulfa/appartements/Appartement_à_Casablanca_Oulfa_42529609.htm,
Ordinateurs portables,Hp revolve 810,2 950 DH,Casablanca,03:02,https://www.avito.ma/fr/bourgogne/ordinateurs_portables/Hp_revolve_810_49492805.htm,
Appartements,Bel Appartement en vente à Casablanca OULFA,680 000 DH,Casablanca,03:02,https://www.avito.ma/fr/oulfa/appartements/Bel_Appartement_en_vente_à_Casablanca_OULFA_42563299.htm,
Locations de vacances,Studio Haut Standing,400 DH,Casablanca,03:02,https://www.avito.ma/fr/mers_sultan/locations_de_vacances/Studio_Haut_Standing_38289541.htm,
Appartements,Appartement m2 à Casablanca Oulfa,510 000 DH,Casablanca,03:02,https://www.avito.ma/fr/oulfa/appartements/Appartement_m2_à_Casablanca_Oulfa_43575319.htm,
Appartements,Appartement à Casablanca,810 000 DH,Casablanca,03:02,https://www.avito.ma/fr/oulfa/appartements/Appartement_à_Casablanca_42528464.htm,
Appartements,Appartement en Vente à Casablanca,769 500 DH,Casablanca,03:02,https://www.avito.ma/fr/oulfa/appartements/Appartement_en_Vente_à_Casablanca_46939792.htm,
Appartements,Appartement en Vente à Casablanca,665 000 DH,Casablanca,03:02,https://www.avito.ma/fr/lissasfa/appartements/Appartement_en_Vente_à_Casablanca_47856644.htm,
Locations de vacances,Studio Très Calme,400 DH,Casablanca,03:01,https://www.avito.ma/fr/mers_sultan/locations_de_vacances/Studio_Très_Calme_38289451.htm,
"Magasins, commerces et locaux industriels",Magasin en Vente à Salé,Prix non specifié,Salé,03:01,https://www.avito.ma/fr/hay_chmaou/magasins_et_commerces/Magasin_en_Vente_à_Salé_49401889.htm,
Locations de vacances,Studio 5 etoiles,500 DH,Casablanca,03:01,https://www.avito.ma/fr/mers_sultan/locations_de_vacances/Studio_5_etoiles_38289093.htm,
Appartements,Apartement 50m2,140 000 DH,Nador,03:01,https://www.avito.ma/fr/autre_secteur/appartements/Apartement_50m2_48234970.htm,
Appartements,Appartement à Tamesna,Prix non specifié,Tamesna,03:01,https://www.avito.ma/fr/tamesna/appartements/Appartement__à_Tamesna_48235194.htm,
Appartements,Appartement ,Prix non specifié,Casablanca,03:00,https://www.avito.ma/fr/autre_secteur/appartements/Appartement__48235239.htm,
Appartements,Appartement à Lakhiaita,Prix non specifié,Lakhiaita,03:00,https://www.avito.ma/fr/lakhiaita/appartements/Appartement_à_Lakhiaita_48235392.htm,
Appartements,Appartement à El Jadida,Prix non specifié,El Jadida,03:00,https://www.avito.ma/fr/autre_secteur/appartements/Appartement_à_El_Jadida_48235401.htm,
Chaussures,Balghine grise,250 DH,Fès,03:00,https://www.avito.ma/fr/oued_fes/chaussures/Balghine_grise_49511925.htm,
Locations de vacances,Studio Anfa,500 DH,Casablanca,03:00,https://www.avito.ma/fr/anfa/locations_de_vacances/Studio_Anfa_38289582.htm,
Offres d'emploi,Recrutement Mutuelle,Prix non specifié,Rabat,03:00,https://www.avito.ma/fr/agdal/offres_de_emploi/Recrutement_Mutuelle_48650279.htm,
Voitures d'occasion,Golf 7r,265 000 DH,Casablanca,02:59,https://www.avito.ma/fr/anfa/voitures/Golf_7r_49362379.htm,
Locations de vacances,شقة للكراء شهر رمضان المبارك ,150 DH,El Jadida,02:58,https://www.avito.ma/fr/centre/locations_de_vacances/شقة_للكراء_شهر_رمضان_المبارك__49511924.htm,
Camions,canter wisheng moteur mitsubishi ,83 000 DH,Fès,02:58,https://www.avito.ma/fr/fes_medina/camions/canter_wisheng_moteur_mitsubishi__49033186.htm,
Terrains et fermes,Terrain et ferme en Vente à Tanger,8 000 DH,Tanger,02:57,https://www.avito.ma/fr/branes_2/terrains_et_fermes/Terrain_et_ferme_en_Vente_à_Tanger_49511923.htm,
Offres d'emploi,Télévendeurs en assurance,6 000 DH,Tanger,02:56,https://www.avito.ma/fr/centre/offres_de_emploi/Télévendeurs_en_assurance_49257265.htm,
Terrains et fermes,Terrain Immeuble pour projet imobilier ,13 000 DH,Kénitra,02:56,https://www.avito.ma/fr/mimosas/terrains_et_fermes/Terrain_Immeuble_pour_projet_imobilier__49511922.htm,
Appartements,Anfa aerocity,Prix non specifié,Casablanca,02:55,https://www.avito.ma/fr/anfa/appartements/Anfa_aerocity_47890715.htm,
Appartements,Appartements The park,Prix non specifié,Casablanca,02:54,https://www.avito.ma/fr/anfa/appartements/Appartements_The_park_47890713.htm,
